[
  { "id": 1, "customer": "Alice", "date": "2025-08-15", "amount": 120 },
  { "id": 2, "customer": "Alice", "date": "2025-08-20", "amount": 75 },
  { "id": 3, "customer": "Bob", "date": "2025-09-10", "amount": 200 },
  { "id": 4, "customer": "Bob", "date": "2025-09-15", "amount": 50 },
  { "id": 5, "customer": "Alice", "date": "2025-10-05", "amount": 130 },
  { "id": 6, "customer": "Bob", "date": "2025-10-10", "amount": 90 },

  { "id": 7, "customer": "Carol", "date": "2025-07-12", "amount": 45 },
  { "id": 8, "customer": "Carol", "date": "2025-08-02", "amount": 150 },
  { "id": 9, "customer": "Carol", "date": "2025-10-22", "amount": 220 },

  { "id": 10, "customer": "Dave", "date": "2025-06-30", "amount": 300 },
  { "id": 11, "customer": "Dave", "date": "2025-09-05", "amount": 80 },

  { "id": 12, "customer": "Eve", "date": "2025-08-18", "amount": 60 },
  { "id": 13, "customer": "Eve", "date": "2025-09-25", "amount": 140 },
  { "id": 14, "customer": "Eve", "date": "2025-10-01", "amount": 95 },

  { "id": 15, "customer": "Frank", "date": "2025-07-07", "amount": 210 },
  { "id": 16, "customer": "Frank", "date": "2025-10-11", "amount": 55 },

  { "id": 17, "customer": "Grace", "date": "2025-09-12", "amount": 125 },
  { "id": 18, "customer": "Grace", "date": "2025-09-30", "amount": 35 },
  { "id": 19, "customer": "Grace", "date": "2025-10-20", "amount": 160 },

  { "id": 20, "customer": "Heidi", "date": "2025-08-29", "amount": 99 },
  { "id": 21, "customer": "Heidi", "date": "2025-10-03", "amount": 205 },

  { "id": 22, "customer": "Ivan", "date": "2025-07-21", "amount": 48 },
  { "id": 23, "customer": "Judy", "date": "2025-09-17", "amount": 175 },
  { "id": 24, "customer": "Judy", "date": "2025-10-27", "amount": 85 },

  { "id": 25, "customer": "Alice", "date": "2025-05-10", "amount": 85 },
  { "id": 26, "customer": "Alice", "date": "2025-06-14", "amount": 60 },
  { "id": 27, "customer": "Alice", "date": "2025-07-21", "amount": 95 },
  { "id": 28, "customer": "Alice", "date": "2025-09-09", "amount": 110 },

  { "id": 29, "customer": "Bob", "date": "2025-05-03", "amount": 150 },
  { "id": 30, "customer": "Bob", "date": "2025-06-18", "amount": 40 },
  { "id": 31, "customer": "Bob", "date": "2025-07-25", "amount": 220 },
  { "id": 32, "customer": "Bob", "date": "2025-08-11", "amount": 70 },

  { "id": 33, "customer": "Carol", "date": "2025-05-22", "amount": 60 },
  { "id": 34, "customer": "Carol", "date": "2025-06-05", "amount": 130 },
  { "id": 35, "customer": "Carol", "date": "2025-09-29", "amount": 95 },

  { "id": 36, "customer": "Dave", "date": "2025-05-30", "amount": 45 },
  { "id": 37, "customer": "Dave", "date": "2025-07-14", "amount": 160 },
  { "id": 38, "customer": "Dave", "date": "2025-08-08", "amount": 85 },
  { "id": 39, "customer": "Dave", "date": "2025-10-20", "amount": 120 },

  { "id": 40, "customer": "Eve", "date": "2025-05-09", "amount": 70 },
  { "id": 41, "customer": "Eve", "date": "2025-06-19", "amount": 55 },
  { "id": 42, "customer": "Eve", "date": "2025-07-28", "amount": 180 },

  { "id": 43, "customer": "Frank", "date": "2025-05-16", "amount": 95 },
  { "id": 44, "customer": "Frank", "date": "2025-06-21", "amount": 130 },
  { "id": 45, "customer": "Frank", "date": "2025-08-30", "amount": 60 },
  { "id": 46, "customer": "Frank", "date": "2025-09-08", "amount": 75 },

  { "id": 47, "customer": "Grace", "date": "2025-05-12", "amount": 40 },
  { "id": 48, "customer": "Grace", "date": "2025-06-26", "amount": 150 },
  { "id": 49, "customer": "Grace", "date": "2025-07-03", "amount": 90 },
  { "id": 50, "customer": "Grace", "date": "2025-08-14", "amount": 110 },

  { "id": 51, "customer": "Heidi", "date": "2025-05-27", "amount": 66 },
  { "id": 52, "customer": "Heidi", "date": "2025-06-07", "amount": 124 },
  { "id": 53, "customer": "Heidi", "date": "2025-07-19", "amount": 55 },
  { "id": 54, "customer": "Heidi", "date": "2025-09-02", "amount": 88 },

  { "id": 55, "customer": "Ivan", "date": "2025-05-05", "amount": 30 },
  { "id": 56, "customer": "Ivan", "date": "2025-06-15", "amount": 72 },
  { "id": 57, "customer": "Ivan", "date": "2025-08-23", "amount": 140 },
  { "id": 58, "customer": "Ivan", "date": "2025-09-11", "amount": 95 },
  { "id": 59, "customer": "Ivan", "date": "2025-10-07", "amount": 60 },

  { "id": 60, "customer": "Judy", "date": "2025-05-18", "amount": 130 },
  { "id": 61, "customer": "Judy", "date": "2025-06-29", "amount": 45 },
  { "id": 62, "customer": "Judy", "date": "2025-07-09", "amount": 200 },
  { "id": 63, "customer": "Judy", "date": "2025-08-04", "amount": 88 }
]
